{
  "Component-dbg.js": 1755697698616,
  "controller/SupplierList.controller.js": 1757941155489,
  "controller/View1.controller.js": 1757936827035,
  "model/models.js": 1755697698616,
  "controller/App.controller.js": 1755697698616,
  "manifest.json": 1757932696663,
  "Component.js": 1755697698616,
  "controller/App-dbg.controller.js": 1755697698616,
  "controller/App.controller.js.map": 1757941184761,
  "controller/View1-dbg.controller.js": 1757936827035,
  "controller/View1.controller.js.map": 1757941184862,
  "model/models-dbg.js": 1755697698616,
  "model/models.js.map": 1757941184818,
  "controller/SupplierList-dbg.controller.js": 1757941155489,
  "controller/SupplierList.controller.js.map": 1757941184854,
  "i18n/i18n.properties": 1755697698616,
  "Component.js.map": 1757941184765,
  "Component-preload.js": 1757941185137,
  "Component-preload.js.map": 1757941185137,
  "view/View1.view.xml": 1757503372083,
  "view/UpdateApprover.fragment.xml": 1757935811998,
  "view/SupplierStatus.fragment.xml": 1756982700608,
  "view/SupplierList.view.xml": 1757934827582,
  "view/SupplierDetails.fragment.xml": 1757935723226,
  "view/CreateApprover.fragment.xml": 1756133726592,
  "view/ApproverList.fragment.xml": 1757935034093,
  "view/App.view.xml": 1755697698616,
  "css/style.css": 1755697698616,
  "index.html": 1755697698616
}