{
  "view/ApproverList.fragment.xml": 1756132575626,
  "Component.js": 1755697698616,
  "controller/View1.controller.js": 1756807494393,
  "controller/App.controller.js": 1755697698616,
  "manifest.json": 1756892724004,
  "model/models.js": 1755697698616,
  "controller/App-dbg.controller.js": 1755697698616,
  "controller/App.controller.js.map": 1756977112096,
  "controller/View1-dbg.controller.js": 1756807494393,
  "controller/View1.controller.js.map": 1756977112133,
  "Component-dbg.js": 1755697698616,
  "Component.js.map": 1756977112093,
  "model/models-dbg.js": 1755697698616,
  "model/models.js.map": 1756977112087,
  "Component-preload.js": 1756977112274,
  "Component-preload.js.map": 1756977112274,
  "view/View1.view.xml": 1756127793877,
  "view/SupplierStatus.fragment.xml": 1756206805485,
  "view/SupplierList.fragment.xml": 1755770110066,
  "view/SupplierDetails.fragment.xml": 1755697698616,
  "view/CreateApprover.fragment.xml": 1756133726592,
  "i18n/i18n.properties": 1755697698616,
  "view/App.view.xml": 1755697698616,
  "css/style.css": 1755697698616,
  "index.html": 1755697698616
}