{
  "view/SupplierList.fragment.xml": 1755770110066,
  "controller/App.controller.js": 1755697698616,
  "controller/View1.controller.js": 1757071503456,
  "model/models.js": 1755697698616,
  "manifest.json": 1756892724004,
  "Component.js": 1755697698616,
  "controller/App-dbg.controller.js": 1755697698616,
  "controller/App.controller.js.map": 1757071527981,
  "controller/View1-dbg.controller.js": 1757071503456,
  "controller/View1.controller.js.map": 1757071528018,
  "model/models-dbg.js": 1755697698616,
  "model/models.js.map": 1757071527982,
  "Component-dbg.js": 1755697698616,
  "Component.js.map": 1757071527992,
  "Component-preload.js": 1757071528135,
  "Component-preload.js.map": 1757071528135,
  "view/View1.view.xml": 1756989537112,
  "view/SupplierStatus.fragment.xml": 1756982700608,
  "i18n/i18n.properties": 1755697698616,
  "view/SupplierDetails.fragment.xml": 1756995244446,
  "view/CreateApprover.fragment.xml": 1756133726592,
  "view/ApproverList.fragment.xml": 1756132575626,
  "view/App.view.xml": 1755697698616,
  "css/style.css": 1755697698616,
  "index.html": 1755697698616
}