{
  "view/App.view.xml": 1755697698616,
  "xlsx.full.min.js": 1758018579971,
  "controller/View1.controller.js": 1758806193930,
  "controller/SupplierList.controller.js": 1757948207085,
  "controller/App.controller.js": 1755697698616,
  "model/models.js": 1755697698616,
  "manifest.json": 1757947730446,
  "Component.js": 1755697698616,
  "model/models-dbg.js": 1755697698616,
  "model/models.js.map": 1758867188678,
  "controller/View1-dbg.controller.js": 1758806193930,
  "controller/View1.controller.js.map": 1758867188790,
  "controller/SupplierList-dbg.controller.js": 1757948207085,
  "controller/SupplierList.controller.js.map": 1758867188770,
  "controller/App-dbg.controller.js": 1755697698616,
  "controller/App.controller.js.map": 1758867188699,
  "xlsx.full.min-dbg.js": 1758018579971,
  "xlsx.full.min.js.map": 1758867190380,
  "Component-dbg.js": 1755697698616,
  "Component.js.map": 1758867188705,
  "Component-preload.js": 1758867191053,
  "Component-preload.js.map": 1758867191055,
  "view/View1.view.xml": 1758015728528,
  "view/UpdateApprover.fragment.xml": 1757935811998,
  "view/SupplierList.view.xml": 1757947573519,
  "view/SupplierDetails.fragment.xml": 1757947124420,
  "view/ProgressDialog.fragment.xml": 1758184846479,
  "view/CreateApprover.fragment.xml": 1756133726592,
  "view/ApproverList.fragment.xml": 1757935034093,
  "i18n/i18n.properties": 1755697698616,
  "css/style.css": 1755697698616,
  "index.html": 1758018663075
}