{
  "view/CreateApprover.fragment.xml": 1756133726592,
  "controller/App.controller.js": 1755697698616,
  "controller/View1.controller.js": 1757332313593,
  "model/models.js": 1755697698616,
  "manifest.json": 1756892724004,
  "Component.js": 1755697698616,
  "model/models-dbg.js": 1755697698616,
  "model/models.js.map": 1757332367208,
  "controller/View1-dbg.controller.js": 1757332313593,
  "controller/View1.controller.js.map": 1757332367258,
  "controller/App-dbg.controller.js": 1755697698616,
  "controller/App.controller.js.map": 1757332367222,
  "Component-dbg.js": 1755697698616,
  "Component.js.map": 1757332367214,
  "Component-preload.js": 1757332367632,
  "Component-preload.js.map": 1757332367632,
  "view/View1.view.xml": 1757332111453,
  "view/SupplierStatus.fragment.xml": 1756982700608,
  "view/SupplierList.fragment.xml": 1755770110066,
  "view/SupplierDetails.fragment.xml": 1756995244446,
  "i18n/i18n.properties": 1755697698616,
  "view/ApproverList.fragment.xml": 1756132575626,
  "view/App.view.xml": 1755697698616,
  "css/style.css": 1755697698616,
  "index.html": 1755697698616
}