{
  "Component.js": 1755697698616,
  "controller/View1.controller.js": 1760538259610,
  "model/models.js": 1755697698616,
  "controller/SupplierList.controller.js": 1760439430223,
  "controller/SupplierDetail.controller.js": 1760365835239,
  "controller/App.controller.js": 1755697698616,
  "xlsx.full.min.js": 1758018579971,
  "manifest.json": 1760437267155,
  "i18n/i18n.properties": 1759756681185,
  "controller/View1-dbg.controller.js": 1760538259610,
  "controller/View1.controller.js.map": 1760538292504,
  "model/models-dbg.js": 1755697698616,
  "model/models.js.map": 1760538292382,
  "controller/SupplierList-dbg.controller.js": 1760439430223,
  "controller/SupplierList.controller.js.map": 1760538292404,
  "controller/SupplierDetail-dbg.controller.js": 1760365835239,
  "controller/SupplierDetail.controller.js.map": 1760538292418,
  "controller/App-dbg.controller.js": 1755697698616,
  "controller/App.controller.js.map": 1760538292387,
  "xlsx.full.min-dbg.js": 1758018579971,
  "xlsx.full.min.js.map": 1760538293748,
  "Component-dbg.js": 1755697698616,
  "Component.js.map": 1760538292408,
  "Component-preload.js": 1760538294372,
  "Component-preload.js.map": 1760538294374,
  "view/View1.view.xml": 1760443234443,
  "view/UpdateApprover.fragment.xml": 1760352616072,
  "view/SupplierList.view.xml": 1760521638352,
  "view/SupplierDetail.view.xml": 1760526579172,
  "view/ProgressDialog.fragment.xml": 1759152660927,
  "view/CreateApprover.fragment.xml": 1760357599068,
  "view/ApproverList.fragment.xml": 1760357914662,
  "view/App.view.xml": 1755697698616,
  "css/style.css": 1755697698616,
  "index.html": 1758018663075
}