{
  "view/SupplierStatus.fragment.xml": 1755770665499,
  "controller/App.controller.js": 1755697698616,
  "controller/View1.controller.js": 1755775937343,
  "model/models.js": 1755697698616,
  "manifest.json": 1755774833522,
  "Component.js": 1755697698616,
  "controller/View1-dbg.controller.js": 1755775937343,
  "controller/View1.controller.js.map": 1755775961542,
  "controller/App-dbg.controller.js": 1755697698616,
  "controller/App.controller.js.map": 1755775961499,
  "model/models-dbg.js": 1755697698616,
  "model/models.js.map": 1755775961498,
  "Component-dbg.js": 1755697698616,
  "Component.js.map": 1755775961500,
  "Component-preload.js": 1755775961649,
  "Component-preload.js.map": 1755775961649,
  "view/View1.view.xml": 1755697698616,
  "i18n/i18n.properties": 1755697698616,
  "view/SupplierList.fragment.xml": 1755770110066,
  "view/SupplierDetails.fragment.xml": 1755697698616,
  "view/App.view.xml": 1755697698616,
  "css/style.css": 1755697698616,
  "index.html": 1755697698616
}