{
  "view/SupplierDetails.fragment.xml": 1755697698616,
  "controller/View1.controller.js": 1756117434166,
  "model/models.js": 1755697698616,
  "controller/App.controller.js": 1755697698616,
  "manifest.json": 1755777739926,
  "Component.js": 1755697698616,
  "Component-dbg.js": 1755697698616,
  "Component.js.map": 1756117463762,
  "model/models-dbg.js": 1755697698616,
  "model/models.js.map": 1756117463750,
  "controller/App-dbg.controller.js": 1755697698616,
  "controller/App.controller.js.map": 1756117463774,
  "controller/View1-dbg.controller.js": 1756117434166,
  "controller/View1.controller.js.map": 1756117463792,
  "Component-preload.js": 1756117463912,
  "Component-preload.js.map": 1756117463912,
  "view/View1.view.xml": 1756115678350,
  "view/SupplierStatus.fragment.xml": 1755770665499,
  "view/SupplierList.fragment.xml": 1755770110066,
  "i18n/i18n.properties": 1755697698616,
  "view/App.view.xml": 1755697698616,
  "css/style.css": 1755697698616,
  "index.html": 1755697698616
}