{
  "controller/SupplierDetail-dbg.controller.js": 1759226535177,
  "xlsx.full.min.js": 1758018579971,
  "controller/View1.controller.js": 1759236249672,
  "controller/SupplierList.controller.js": 1759223458758,
  "controller/SupplierDetail.controller.js": 1759226535177,
  "controller/App.controller.js": 1755697698616,
  "model/models.js": 1755697698616,
  "manifest.json": 1759221972532,
  "Component.js": 1755697698616,
  "model/models-dbg.js": 1755697698616,
  "model/models.js.map": 1759236290914,
  "controller/View1-dbg.controller.js": 1759236249672,
  "controller/View1.controller.js.map": 1759236291080,
  "controller/SupplierList-dbg.controller.js": 1759223458758,
  "controller/SupplierList.controller.js.map": 1759236290921,
  "i18n/i18n.properties": 1755697698616,
  "controller/SupplierDetail.controller.js.map": 1759236290993,
  "controller/App-dbg.controller.js": 1755697698616,
  "controller/App.controller.js.map": 1759236290915,
  "xlsx.full.min-dbg.js": 1758018579971,
  "xlsx.full.min.js.map": 1759236292638,
  "Component-dbg.js": 1755697698616,
  "Component.js.map": 1759236290927,
  "Component-preload.js": 1759236293370,
  "Component-preload.js.map": 1759236293372,
  "view/View1.view.xml": 1759226260237,
  "view/UpdateApprover.fragment.xml": 1757935811998,
  "view/SupplierList.view.xml": 1759224904696,
  "view/SupplierDetail.view.xml": 1759234928678,
  "view/ProgressDialog.fragment.xml": 1759152660927,
  "view/CreateApprover.fragment.xml": 1756133726592,
  "view/ApproverList.fragment.xml": 1757935034093,
  "view/App.view.xml": 1755697698616,
  "css/style.css": 1755697698616,
  "index.html": 1758018663075
}