{
  "controller/App.controller.js": 1755697698616,
  "controller/SupplierList.controller.js": 1757943630007,
  "controller/View1.controller.js": 1757941534572,
  "model/models.js": 1755697698616,
  "i18n/i18n.properties": 1755697698616,
  "manifest.json": 1757932696663,
  "Component.js": 1755697698616,
  "model/models-dbg.js": 1755697698616,
  "model/models.js.map": 1757944138355,
  "controller/View1-dbg.controller.js": 1757941534572,
  "controller/View1.controller.js.map": 1757944138423,
  "controller/SupplierList-dbg.controller.js": 1757943630007,
  "controller/SupplierList.controller.js.map": 1757944138420,
  "controller/App-dbg.controller.js": 1755697698616,
  "controller/App.controller.js.map": 1757944138342,
  "Component-dbg.js": 1755697698616,
  "Component.js.map": 1757944138347,
  "Component-preload.js": 1757944138561,
  "Component-preload.js.map": 1757944138561,
  "view/View1.view.xml": 1757503372083,
  "view/UpdateApprover.fragment.xml": 1757935811998,
  "view/SupplierStatus.fragment.xml": 1757941878960,
  "view/SupplierList.view.xml": 1757943929382,
  "view/SupplierDetails.fragment.xml": 1757935723226,
  "view/CreateApprover.fragment.xml": 1756133726592,
  "view/ApproverList.fragment.xml": 1757935034093,
  "view/App.view.xml": 1755697698616,
  "css/style.css": 1755697698616,
  "index.html": 1755697698616
}