{
  "Component.js": 1755697698616,
  "model/models.js": 1755697698616,
  "controller/View1.controller.js": 1760351094768,
  "controller/SupplierList.controller.js": 1760351589574,
  "controller/SupplierDetail.controller.js": 1759239594334,
  "controller/App.controller.js": 1755697698616,
  "xlsx.full.min.js": 1758018579971,
  "manifest.json": 1759221972532,
  "i18n/i18n.properties": 1759756681185,
  "controller/App-dbg.controller.js": 1755697698616,
  "controller/App.controller.js.map": 1760351622730,
  "controller/View1-dbg.controller.js": 1760351094768,
  "controller/View1.controller.js.map": 1760351622856,
  "controller/SupplierList-dbg.controller.js": 1760351589574,
  "controller/SupplierList.controller.js.map": 1760351622755,
  "controller/SupplierDetail-dbg.controller.js": 1759239594334,
  "controller/SupplierDetail.controller.js.map": 1760351622754,
  "model/models-dbg.js": 1755697698616,
  "model/models.js.map": 1760351622736,
  "xlsx.full.min-dbg.js": 1758018579971,
  "xlsx.full.min.js.map": 1760351624274,
  "Component-dbg.js": 1755697698616,
  "Component.js.map": 1760351622758,
  "Component-preload.js": 1760351624920,
  "Component-preload.js.map": 1760351624922,
  "view/View1.view.xml": 1760350905339,
  "view/UpdateApprover.fragment.xml": 1757935811998,
  "view/SupplierList.view.xml": 1760351552114,
  "view/SupplierDetail.view.xml": 1759248371956,
  "view/ProgressDialog.fragment.xml": 1759152660927,
  "view/CreateApprover.fragment.xml": 1756133726592,
  "view/ApproverList.fragment.xml": 1757935034093,
  "view/App.view.xml": 1755697698616,
  "css/style.css": 1755697698616,
  "index.html": 1758018663075
}