{
  "Component-preload.js.map": 1757948252429,
  "Component.js": 1755697698616,
  "controller/View1.controller.js": 1757941534572,
  "controller/SupplierList.controller.js": 1757948207085,
  "controller/App.controller.js": 1755697698616,
  "manifest.json": 1757947730446,
  "model/models.js": 1755697698616,
  "Component-dbg.js": 1755697698616,
  "Component.js.map": 1757948251887,
  "controller/View1-dbg.controller.js": 1757941534572,
  "controller/View1.controller.js.map": 1757948251962,
  "controller/SupplierList-dbg.controller.js": 1757948207085,
  "controller/SupplierList.controller.js.map": 1757948251983,
  "controller/App-dbg.controller.js": 1755697698616,
  "controller/App.controller.js.map": 1757948251894,
  "model/models-dbg.js": 1755697698616,
  "model/models.js.map": 1757948251902,
  "Component-preload.js": 1757948252429,
  "i18n/i18n.properties": 1755697698616,
  "view/View1.view.xml": 1757503372083,
  "view/UpdateApprover.fragment.xml": 1757935811998,
  "view/SupplierList.view.xml": 1757947573519,
  "view/SupplierDetails.fragment.xml": 1757947124420,
  "view/CreateApprover.fragment.xml": 1756133726592,
  "view/ApproverList.fragment.xml": 1757935034093,
  "view/App.view.xml": 1755697698616,
  "css/style.css": 1755697698616,
  "index.html": 1755697698616
}